{
  "alembic\\env.py": 1775697933.506178,
  "alembic\\versions\\001_initial_schema.py": 1773683877.7913454,
  "alembic\\versions\\002_outreach_sequences.py": 1773713955.9816184,
  "alembic\\versions\\003_signals_meetings_battlecards.py": 1773771102.7713008,
  "alembic\\versions\\004_indexes_and_cascades.py": 1773775206.9388297,
  "alembic\\versions\\005_meeting_intelligence_fields.py": 1773780211.7005074,
  "alembic\\versions\\006_custom_demos.py": 1773888693.6473687,
  "alembic\\versions\\007_account_sourcing.py": 1774037333.8086867,
  "alembic\\versions\\008_drop_deep_enriched_at.py": 1774069225.9607131,
  "alembic\\versions\\009_sales_resources.py": 1774077199.4763882,
  "alembic\\versions\\010_company_sourcing_workflow.py": 1774126727.8644967,
  "alembic\\versions\\011_prospecting_outreach_workflow.py": 1774133952.1556013,
  "alembic\\versions\\012_users_and_assignments.py": 1774197883.7750554,
  "alembic\\versions\\013_angel_investor_mapping.py": 1774211717.397323,
  "alembic\\versions\\014_region_headquarters.py": 1774302198.389111,
  "alembic\\versions\\015_outreach_steps.py": 1774677295.8724353,
  "alembic\\versions\\016_workspace_settings.py": 1774712914.691925,
  "alembic\\versions\\017_deal_pipeline.py": 1774838528.9280858,
  "alembic\\versions\\018_deal_contacts.py": 1774838545.076846,
  "alembic\\versions\\019_call_activities.py": 1774839086.9092433,
  "alembic\\versions\\020_deal_geo_source_nextstep.py": 1774841389.3858535,
  "alembic\\versions\\021_contact_sdr_assignment.py": 1774887092.742627,
  "alembic\\versions\\022_contact_query_indexes.py": 1774898655.1793077,
  "alembic\\versions\\023_company_query_indexes.py": 1774920997.9462233,
  "alembic\\versions\\024_email_activity_fields.py": 1774922652.8676896,
  "alembic\\versions\\025_assignment_updates.py": 1774924918.4743998,
  "alembic\\versions\\026_activity_medium_and_reminders.py": 1774991164.7192101,
  "alembic\\versions\\027_sourcing_batch_metadata.py": 1775004622.5042737,
  "alembic\\versions\\028_workspace_gmail_sync.py": 1775061217.780317,
  "alembic\\versions\\029_user_roles_admin_ae_sdr.py": 1775068440.2960958,
  "alembic\\versions\\030_company_sdr_assignment.py": 1775168635.691316,
  "alembic\\versions\\031_tasks_framework.py": 1775170755.7218647,
  "alembic\\versions\\032_deal_email_cc_alias.py": 1775172199.4489071,
  "alembic\\versions\\033_task_assigned_role.py": 1775173645.0474615,
  "alembic\\versions\\034_pipeline_summary_settings.py": 1775174687.9067652,
  "alembic\\versions\\035_outreach_content_settings.py": 1775180668.5458193,
  "alembic\\versions\\036_clickup_external_ids.py": 1775335209.200893,
  "alembic\\versions\\037_deal_stage_settings.py": 1775360588.084087,
  "alembic\\versions\\038_merge_open_into_reprospect.py": 1775361157.0554657,
  "alembic\\versions\\039_tldv_meeting_external_ids.py": 1775374891.6915455,
  "alembic\\versions\\040_task_permissions_and_meeting_automation.py": 1775444100.0260255,
  "alembic\\versions\\041_clickup_crm_settings.py": 1775492940.1871252,
  "alembic\\versions\\041_prospect_stage_settings.py": 1775506498.4091473,
  "alembic\\versions\\042_sync_schedule_settings.py": 1775529658.3535812,
  "alembic\\versions\\043_company_stage_milestones.py": 1775697950.822869,
  "alembic\\versions\\044_user_email_connections.py": 1775878424.6489172,
  "app\\celery_app.py": 1776013376.864738,
  "app\\config.py": 1775797100.887252,
  "app\\database.py": 1773683696.3016868,
  "app\\main.py": 1775443397.8892784,
  "app\\__init__.py": 1773683683.4123762,
  "app\\api\\__init__.py": 1773775017.5084455,
  "app\\api\\v1\\router.py": 1775878697.2466445,
  "app\\api\\v1\\__init__.py": 1773775018.5351074,
  "app\\api\\v1\\endpoints\\account_sourcing.py": 1775698733.8132873,
  "app\\api\\v1\\endpoints\\activities.py": 1775515377.4580324,
  "app\\api\\v1\\endpoints\\aircall.py": 1775358303.9804895,
  "app\\api\\v1\\endpoints\\analytics.py": 1776011692.3599136,
  "app\\api\\v1\\endpoints\\angel_mapping.py": 1774628605.3920524,
  "app\\api\\v1\\endpoints\\assignments.py": 1775876878.9461222,
  "app\\api\\v1\\endpoints\\auth.py": 1775890832.6348047,
  "app\\api\\v1\\endpoints\\battlecards.py": 1773775162.3407974,
  "app\\api\\v1\\endpoints\\companies.py": 1775800293.7155142,
  "app\\api\\v1\\endpoints\\contacts.py": 1775699303.728543,
  "app\\api\\v1\\endpoints\\crm_imports.py": 1775796934.559723,
  "app\\api\\v1\\endpoints\\custom_demo.py": 1774049804.6214454,
  "app\\api\\v1\\endpoints\\deals.py": 1776020342.9442708,
  "app\\api\\v1\\endpoints\\email_sync.py": 1775061193.3433642,
  "app\\api\\v1\\endpoints\\enrichment.py": 1774190655.3227708,
  "app\\api\\v1\\endpoints\\execution_tracker.py": 1774924946.0617616,
  "app\\api\\v1\\endpoints\\global_search.py": 1775972712.4855263,
  "app\\api\\v1\\endpoints\\intelligence.py": 1774589337.7271452,
  "app\\api\\v1\\endpoints\\meetings.py": 1775442896.7704904,
  "app\\api\\v1\\endpoints\\outreach.py": 1774839931.1138685,
  "app\\api\\v1\\endpoints\\personal_email_sync.py": 1775880549.0334983,
  "app\\api\\v1\\endpoints\\prospecting.py": 1774190545.2819095,
  "app\\api\\v1\\endpoints\\reminders.py": 1775542912.29413,
  "app\\api\\v1\\endpoints\\sales_resources.py": 1774077652.1101146,
  "app\\api\\v1\\endpoints\\settings.py": 1776020342.946269,
  "app\\api\\v1\\endpoints\\signals.py": 1773775115.812663,
  "app\\api\\v1\\endpoints\\tasks.py": 1775763398.943817,
  "app\\api\\v1\\endpoints\\tldv.py": 1775375090.9345818,
  "app\\api\\v1\\endpoints\\webhooks.py": 1775695083.7838054,
  "app\\api\\v1\\endpoints\\workspace.py": 1775707781.6483834,
  "app\\api\\v1\\endpoints\\__init__.py": 1773775019.5683632,
  "app\\clients\\aircall.py": 1775358297.386266,
  "app\\clients\\apollo.py": 1774975714.738253,
  "app\\clients\\azure_openai.py": 1775535756.9178874,
  "app\\clients\\brand_scraper.py": 1773888766.4001813,
  "app\\clients\\builtwith.py": 1774589313.6000972,
  "app\\clients\\claude_enrichment.py": 1774589129.12441,
  "app\\clients\\demo_ai.py": 1774054845.951707,
  "app\\clients\\gmail_inbox.py": 1775061107.3308816,
  "app\\clients\\google_calendar.py": 1775888743.806816,
  "app\\clients\\google_docs.py": 1775972937.7758124,
  "app\\clients\\hunter.py": 1774589300.7362623,
  "app\\clients\\instantly.py": 1774685189.280063,
  "app\\clients\\news.py": 1773713785.4751742,
  "app\\clients\\playwright_scraper.py": 1773770961.3523061,
  "app\\clients\\resend_client.py": 1774589328.4615862,
  "app\\clients\\tldv.py": 1775375544.0309167,
  "app\\clients\\web_search.py": 1774302367.6287715,
  "app\\clients\\__init__.py": 1773683824.983991,
  "app\\core\\dependencies.py": 1774577552.5935712,
  "app\\core\\exceptions.py": 1774197628.7900655,
  "app\\core\\__init__.py": 1773774950.7522383,
  "app\\models\\activity.py": 1775335196.337244,
  "app\\models\\angel.py": 1774211609.224329,
  "app\\models\\assignment_update.py": 1774924735.7837057,
  "app\\models\\battlecard.py": 1773770915.437022,
  "app\\models\\company.py": 1775168635.6903148,
  "app\\models\\company_stage_milestone.py": 1775697924.8083081,
  "app\\models\\contact.py": 1774991003.759722,
  "app\\models\\custom_demo.py": 1774047989.5617533,
  "app\\models\\deal.py": 1776006993.1763678,
  "app\\models\\meeting.py": 1776018166.939433,
  "app\\models\\outreach.py": 1774677265.5943253,
  "app\\models\\reminder.py": 1774991123.742894,
  "app\\models\\sales_resource.py": 1774077168.3566802,
  "app\\models\\settings.py": 1775972456.5411172,
  "app\\models\\signal.py": 1773770888.1703188,
  "app\\models\\sourcing_batch.py": 1775004599.2452912,
  "app\\models\\task.py": 1775191269.0323944,
  "app\\models\\user.py": 1775068420.334358,
  "app\\models\\user_email_connection.py": 1775878405.775639,
  "app\\models\\__init__.py": 1775697929.3162186,
  "app\\repositories\\activity.py": 1773774999.6648335,
  "app\\repositories\\base.py": 1773775543.6441245,
  "app\\repositories\\battlecard.py": 1773775008.1873324,
  "app\\repositories\\company.py": 1776020342.946269,